q_index,model_kind,n_labeled,majority_k,majority_count,true_k,accuracy_majority,plot_path
0,base,10,4096,4,6,False,results_final4/plots_annotated/q0000_base.png
0,reasoning,10,8,7,6,False,results_final4/plots_annotated/q0000_reasoning.png
1,base,10,48,2,24,False,results_final4/plots_annotated/q0001_base.png
1,reasoning,10,48,7,24,False,results_final4/plots_annotated/q0001_reasoning.png
2,base,10,9,2,14,False,results_final4/plots_annotated/q0002_base.png
2,reasoning,10,12,3,14,False,results_final4/plots_annotated/q0002_reasoning.png
3,base,10,100,8,99,False,results_final4/plots_annotated/q0003_base.png
3,reasoning,10,100,6,99,False,results_final4/plots_annotated/q0003_reasoning.png
4,base,10,52,3,52,True,results_final4/plots_annotated/q0004_base.png
4,reasoning,10,51,5,52,False,results_final4/plots_annotated/q0004_reasoning.png
5,base,10,8,2,7,False,results_final4/plots_annotated/q0005_base.png
5,reasoning,10,5,4,7,False,results_final4/plots_annotated/q0005_reasoning.png
6,base,10,9,2,17,False,results_final4/plots_annotated/q0006_base.png
6,reasoning,10,21,3,17,False,results_final4/plots_annotated/q0006_reasoning.png
7,base,10,12,1,43,False,results_final4/plots_annotated/q0007_base.png
7,reasoning,10,43,5,43,True,results_final4/plots_annotated/q0007_reasoning.png
8,base,10,19,3,28,False,results_final4/plots_annotated/q0008_base.png
8,reasoning,10,27,7,28,False,results_final4/plots_annotated/q0008_reasoning.png
9,base,10,16,4,16,True,results_final4/plots_annotated/q0009_base.png
9,reasoning,10,16,9,16,True,results_final4/plots_annotated/q0009_reasoning.png
10,base,10,11,3,11,True,results_final4/plots_annotated/q0010_base.png
10,reasoning,10,11,6,11,True,results_final4/plots_annotated/q0010_reasoning.png
11,base,10,0,3,-11,False,results_final4/plots_annotated/q0011_base.png
11,reasoning,10,-10,4,-11,False,results_final4/plots_annotated/q0011_reasoning.png
12,base,10,15,3,20,False,results_final4/plots_annotated/q0012_base.png
12,reasoning,10,15,3,20,False,results_final4/plots_annotated/q0012_reasoning.png
13,base,10,1,3,6,False,results_final4/plots_annotated/q0013_base.png
13,reasoning,10,5,2,6,False,results_final4/plots_annotated/q0013_reasoning.png
14,base,10,6,3,13,False,results_final4/plots_annotated/q0014_base.png
14,reasoning,10,13,5,13,True,results_final4/plots_annotated/q0014_reasoning.png
15,base,10,3,4,11,False,results_final4/plots_annotated/q0015_base.png
15,reasoning,10,11,6,11,True,results_final4/plots_annotated/q0015_reasoning.png
16,base,10,19,4,24,False,results_final4/plots_annotated/q0016_base.png
16,reasoning,10,19,10,24,False,results_final4/plots_annotated/q0016_reasoning.png
17,base,10,4096,3,8,False,results_final4/plots_annotated/q0017_base.png
17,reasoning,10,7,4,8,False,results_final4/plots_annotated/q0017_reasoning.png
18,base,10,-44,4,61,False,results_final4/plots_annotated/q0018_base.png
18,reasoning,10,62,5,61,False,results_final4/plots_annotated/q0018_reasoning.png
19,base,10,-2,4,-2,True,results_final4/plots_annotated/q0019_base.png
19,reasoning,10,-2,7,-2,True,results_final4/plots_annotated/q0019_reasoning.png
20,base,10,4096,3,16,False,results_final4/plots_annotated/q0020_base.png
20,reasoning,10,13,3,16,False,results_final4/plots_annotated/q0020_reasoning.png
21,base,10,3,5,3,True,results_final4/plots_annotated/q0021_base.png
21,reasoning,10,3,8,3,True,results_final4/plots_annotated/q0021_reasoning.png
22,base,10,3,3,5,False,results_final4/plots_annotated/q0022_base.png
22,reasoning,10,4,4,5,False,results_final4/plots_annotated/q0022_reasoning.png
23,base,10,8,2,9,False,results_final4/plots_annotated/q0023_base.png
23,reasoning,10,8,4,9,False,results_final4/plots_annotated/q0023_reasoning.png
24,base,10,3,3,5,False,results_final4/plots_annotated/q0024_base.png
24,reasoning,10,4,2,5,False,results_final4/plots_annotated/q0024_reasoning.png
25,base,10,3,4,7,False,results_final4/plots_annotated/q0025_base.png
25,reasoning,10,7,8,7,True,results_final4/plots_annotated/q0025_reasoning.png
26,base,10,8,3,8,True,results_final4/plots_annotated/q0026_base.png
26,reasoning,10,8,6,8,True,results_final4/plots_annotated/q0026_reasoning.png
27,base,10,2,2,5,False,results_final4/plots_annotated/q0027_base.png
27,reasoning,10,3,10,5,False,results_final4/plots_annotated/q0027_reasoning.png
28,base,10,7,3,5,False,results_final4/plots_annotated/q0028_base.png
28,reasoning,10,5,4,5,True,results_final4/plots_annotated/q0028_reasoning.png
29,base,10,4,4,4,True,results_final4/plots_annotated/q0029_base.png
29,reasoning,10,4,8,4,True,results_final4/plots_annotated/q0029_reasoning.png
30,base,10,10,5,12,False,results_final4/plots_annotated/q0030_base.png
30,reasoning,10,10,6,12,False,results_final4/plots_annotated/q0030_reasoning.png
31,base,10,9,4,9,True,results_final4/plots_annotated/q0031_base.png
31,reasoning,10,0,4,9,False,results_final4/plots_annotated/q0031_reasoning.png
32,base,10,4096,2,11,False,results_final4/plots_annotated/q0032_base.png
32,reasoning,10,9,5,11,False,results_final4/plots_annotated/q0032_reasoning.png
33,base,10,10,2,10,True,results_final4/plots_annotated/q0033_base.png
33,reasoning,10,10,4,10,True,results_final4/plots_annotated/q0033_reasoning.png
34,base,10,2,5,3,False,results_final4/plots_annotated/q0034_base.png
34,reasoning,10,3,10,3,True,results_final4/plots_annotated/q0034_reasoning.png
35,base,10,4,10,4,True,results_final4/plots_annotated/q0035_base.png
35,reasoning,10,4,10,4,True,results_final4/plots_annotated/q0035_reasoning.png
36,base,10,4,4,3,False,results_final4/plots_annotated/q0036_base.png
36,reasoning,10,4,10,3,False,results_final4/plots_annotated/q0036_reasoning.png
37,base,10,4096,2,9,False,results_final4/plots_annotated/q0037_base.png
37,reasoning,10,9,7,9,True,results_final4/plots_annotated/q0037_reasoning.png
38,base,10,0,3,7,False,results_final4/plots_annotated/q0038_base.png
38,reasoning,10,5,10,7,False,results_final4/plots_annotated/q0038_reasoning.png
39,base,10,15,2,22,False,results_final4/plots_annotated/q0039_base.png
39,reasoning,10,22,4,22,True,results_final4/plots_annotated/q0039_reasoning.png
40,base,10,3,6,1,False,results_final4/plots_annotated/q0040_base.png
40,reasoning,10,3,6,1,False,results_final4/plots_annotated/q0040_reasoning.png
41,base,10,6,2,2,False,results_final4/plots_annotated/q0041_base.png
41,reasoning,10,4,4,2,False,results_final4/plots_annotated/q0041_reasoning.png
42,base,10,3,5,3,True,results_final4/plots_annotated/q0042_base.png
42,reasoning,10,0,3,3,False,results_final4/plots_annotated/q0042_reasoning.png
43,base,10,1,4,15,False,results_final4/plots_annotated/q0043_base.png
43,reasoning,10,3,4,15,False,results_final4/plots_annotated/q0043_reasoning.png
44,base,10,10,2,6,False,results_final4/plots_annotated/q0044_base.png
44,reasoning,10,4,4,6,False,results_final4/plots_annotated/q0044_reasoning.png
45,base,10,100,4,4,False,results_final4/plots_annotated/q0045_base.png
45,reasoning,10,4,5,4,True,results_final4/plots_annotated/q0045_reasoning.png
46,base,10,7,4,6,False,results_final4/plots_annotated/q0046_base.png
46,reasoning,10,8,8,6,False,results_final4/plots_annotated/q0046_reasoning.png
47,base,10,7,6,7,True,results_final4/plots_annotated/q0047_base.png
47,reasoning,10,7,6,7,True,results_final4/plots_annotated/q0047_reasoning.png
48,base,10,1,5,1,True,results_final4/plots_annotated/q0048_base.png
48,reasoning,10,2,4,1,False,results_final4/plots_annotated/q0048_reasoning.png
49,base,10,1,6,1,True,results_final4/plots_annotated/q0049_base.png
49,reasoning,10,1,9,1,True,results_final4/plots_annotated/q0049_reasoning.png
50,base,10,4096,3,30,False,results_final4/plots_annotated/q0050_base.png
50,reasoning,10,24,3,30,False,results_final4/plots_annotated/q0050_reasoning.png
51,base,10,4096,3,0,False,results_final4/plots_annotated/q0051_base.png
51,reasoning,10,1,5,0,False,results_final4/plots_annotated/q0051_reasoning.png
52,base,10,2,5,10,False,results_final4/plots_annotated/q0052_base.png
52,reasoning,10,3,4,10,False,results_final4/plots_annotated/q0052_reasoning.png
53,base,10,-3,3,-6,False,results_final4/plots_annotated/q0053_base.png
53,reasoning,10,-6,3,-6,True,results_final4/plots_annotated/q0053_reasoning.png
54,base,10,-11,3,-10,False,results_final4/plots_annotated/q0054_base.png
54,reasoning,10,-3,3,-10,False,results_final4/plots_annotated/q0054_reasoning.png
55,base,10,3,6,3,True,results_final4/plots_annotated/q0055_base.png
55,reasoning,10,4,3,3,False,results_final4/plots_annotated/q0055_reasoning.png
56,base,10,3,2,9,False,results_final4/plots_annotated/q0056_base.png
56,reasoning,10,7,3,9,False,results_final4/plots_annotated/q0056_reasoning.png
57,base,10,41,10,41,True,results_final4/plots_annotated/q0057_base.png
57,reasoning,10,41,10,41,True,results_final4/plots_annotated/q0057_reasoning.png
58,base,10,4096,8,8,False,results_final4/plots_annotated/q0058_base.png
58,reasoning,10,8,8,8,True,results_final4/plots_annotated/q0058_reasoning.png
59,base,10,3,9,2,False,results_final4/plots_annotated/q0059_base.png
59,reasoning,10,3,10,2,False,results_final4/plots_annotated/q0059_reasoning.png
60,base,10,5,9,5,True,results_final4/plots_annotated/q0060_base.png
60,reasoning,10,5,5,5,True,results_final4/plots_annotated/q0060_reasoning.png
61,base,10,0,4,0,True,results_final4/plots_annotated/q0061_base.png
61,reasoning,10,0,7,0,True,results_final4/plots_annotated/q0061_reasoning.png
62,base,10,3,3,609,False,results_final4/plots_annotated/q0062_base.png
62,reasoning,10,609,9,609,True,results_final4/plots_annotated/q0062_reasoning.png
63,base,10,22,5,10,False,results_final4/plots_annotated/q0063_base.png
63,reasoning,10,23,8,10,False,results_final4/plots_annotated/q0063_reasoning.png
64,base,10,3,2,5,False,results_final4/plots_annotated/q0064_base.png
64,reasoning,10,3,4,5,False,results_final4/plots_annotated/q0064_reasoning.png
65,base,10,9,3,9,True,results_final4/plots_annotated/q0065_base.png
65,reasoning,10,8,4,9,False,results_final4/plots_annotated/q0065_reasoning.png
66,base,10,10,3,8,False,results_final4/plots_annotated/q0066_base.png
66,reasoning,10,8,4,8,True,results_final4/plots_annotated/q0066_reasoning.png
67,base,10,1,5,-1,False,results_final4/plots_annotated/q0067_base.png
67,reasoning,10,1,6,-1,False,results_final4/plots_annotated/q0067_reasoning.png
68,base,10,3,5,1,False,results_final4/plots_annotated/q0068_base.png
68,reasoning,10,3,4,1,False,results_final4/plots_annotated/q0068_reasoning.png
69,base,10,19,1,8,False,results_final4/plots_annotated/q0069_base.png
69,reasoning,10,8,4,8,True,results_final4/plots_annotated/q0069_reasoning.png
70,base,10,14,2,-3,False,results_final4/plots_annotated/q0070_base.png
70,reasoning,10,3,4,-3,False,results_final4/plots_annotated/q0070_reasoning.png
71,base,10,16,2,38,False,results_final4/plots_annotated/q0071_base.png
71,reasoning,10,42,4,38,False,results_final4/plots_annotated/q0071_reasoning.png
72,base,10,15,2,20,False,results_final4/plots_annotated/q0072_base.png
72,reasoning,10,21,7,20,False,results_final4/plots_annotated/q0072_reasoning.png
73,base,10,29,3,29,True,results_final4/plots_annotated/q0073_base.png
73,reasoning,10,17,3,29,False,results_final4/plots_annotated/q0073_reasoning.png
74,base,10,12,2,11,False,results_final4/plots_annotated/q0074_base.png
74,reasoning,10,11,8,11,True,results_final4/plots_annotated/q0074_reasoning.png
75,base,10,23,1,31,False,results_final4/plots_annotated/q0075_base.png
75,reasoning,10,31,4,31,True,results_final4/plots_annotated/q0075_reasoning.png
76,base,10,-15,2,-8,False,results_final4/plots_annotated/q0076_base.png
76,reasoning,10,-15,5,-8,False,results_final4/plots_annotated/q0076_reasoning.png
77,base,10,10,2,10,True,results_final4/plots_annotated/q0077_base.png
77,reasoning,10,12,4,10,False,results_final4/plots_annotated/q0077_reasoning.png
78,base,10,4096,3,8,False,results_final4/plots_annotated/q0078_base.png
78,reasoning,10,8,8,8,True,results_final4/plots_annotated/q0078_reasoning.png
79,base,10,4,2,10,False,results_final4/plots_annotated/q0079_base.png
79,reasoning,10,-4096,2,10,False,results_final4/plots_annotated/q0079_reasoning.png
80,base,10,8,4,8,True,results_final4/plots_annotated/q0080_base.png
80,reasoning,10,9,3,8,False,results_final4/plots_annotated/q0080_reasoning.png
81,base,10,15,2,12,False,results_final4/plots_annotated/q0081_base.png
81,reasoning,10,12,3,12,True,results_final4/plots_annotated/q0081_reasoning.png
82,base,10,-1,7,-2,False,results_final4/plots_annotated/q0082_base.png
82,reasoning,10,-1,9,-2,False,results_final4/plots_annotated/q0082_reasoning.png
83,base,10,7,3,8,False,results_final4/plots_annotated/q0083_base.png
83,reasoning,10,7,6,8,False,results_final4/plots_annotated/q0083_reasoning.png
84,base,10,4,4,4,True,results_final4/plots_annotated/q0084_base.png
84,reasoning,10,4,10,4,True,results_final4/plots_annotated/q0084_reasoning.png
85,base,10,4,4,5,False,results_final4/plots_annotated/q0085_base.png
85,reasoning,10,5,6,5,True,results_final4/plots_annotated/q0085_reasoning.png
86,base,10,9,4,10,False,results_final4/plots_annotated/q0086_base.png
86,reasoning,10,9,7,10,False,results_final4/plots_annotated/q0086_reasoning.png
87,base,10,4096,5,4,False,results_final4/plots_annotated/q0087_base.png
87,reasoning,10,3,3,4,False,results_final4/plots_annotated/q0087_reasoning.png
88,base,10,11,4,11,True,results_final4/plots_annotated/q0088_base.png
88,reasoning,10,2,4,11,False,results_final4/plots_annotated/q0088_reasoning.png
89,base,10,9,8,11,False,results_final4/plots_annotated/q0089_base.png
89,reasoning,10,11,4,11,True,results_final4/plots_annotated/q0089_reasoning.png
90,base,10,3,2,7,False,results_final4/plots_annotated/q0090_base.png
90,reasoning,10,7,8,7,True,results_final4/plots_annotated/q0090_reasoning.png
91,base,10,-17,6,-17,True,results_final4/plots_annotated/q0091_base.png
91,reasoning,10,-17,7,-17,True,results_final4/plots_annotated/q0091_reasoning.png
92,base,10,6,2,12,False,results_final4/plots_annotated/q0092_base.png
92,reasoning,10,9,5,12,False,results_final4/plots_annotated/q0092_reasoning.png
93,base,10,8,3,8,True,results_final4/plots_annotated/q0093_base.png
93,reasoning,10,5,4,8,False,results_final4/plots_annotated/q0093_reasoning.png
94,base,10,2,2,17,False,results_final4/plots_annotated/q0094_base.png
94,reasoning,10,17,3,17,True,results_final4/plots_annotated/q0094_reasoning.png
95,base,10,1,1,20,False,results_final4/plots_annotated/q0095_base.png
95,reasoning,10,20,7,20,True,results_final4/plots_annotated/q0095_reasoning.png
96,base,10,3,5,0,False,results_final4/plots_annotated/q0096_base.png
96,reasoning,10,-1,6,0,False,results_final4/plots_annotated/q0096_reasoning.png
97,base,10,-4096,3,4,False,results_final4/plots_annotated/q0097_base.png
97,reasoning,10,3,5,4,False,results_final4/plots_annotated/q0097_reasoning.png
98,base,10,26,2,20,False,results_final4/plots_annotated/q0098_base.png
98,reasoning,10,20,3,20,True,results_final4/plots_annotated/q0098_reasoning.png
99,base,10,2,2,2,True,results_final4/plots_annotated/q0099_base.png
99,reasoning,10,3,6,2,False,results_final4/plots_annotated/q0099_reasoning.png
100,base,10,4,3,4,True,results_final4/plots_annotated/q0100_base.png
100,reasoning,10,4,10,4,True,results_final4/plots_annotated/q0100_reasoning.png
101,base,10,9,4,12,False,results_final4/plots_annotated/q0101_base.png
101,reasoning,10,12,10,12,True,results_final4/plots_annotated/q0101_reasoning.png
102,base,10,3,3,3,True,results_final4/plots_annotated/q0102_base.png
102,reasoning,10,1,5,3,False,results_final4/plots_annotated/q0102_reasoning.png
103,base,10,-3,2,-6,False,results_final4/plots_annotated/q0103_base.png
103,reasoning,10,-5,4,-6,False,results_final4/plots_annotated/q0103_reasoning.png
104,base,10,4096,2,3,False,results_final4/plots_annotated/q0104_base.png
104,reasoning,10,3,4,3,True,results_final4/plots_annotated/q0104_reasoning.png
105,base,10,8,3,6,False,results_final4/plots_annotated/q0105_base.png
105,reasoning,10,6,9,6,True,results_final4/plots_annotated/q0105_reasoning.png
106,base,10,3,3,6,False,results_final4/plots_annotated/q0106_base.png
106,reasoning,10,6,5,6,True,results_final4/plots_annotated/q0106_reasoning.png
107,base,10,24,2,20,False,results_final4/plots_annotated/q0107_base.png
107,reasoning,10,21,5,20,False,results_final4/plots_annotated/q0107_reasoning.png
108,base,10,10,2,16,False,results_final4/plots_annotated/q0108_base.png
108,reasoning,10,16,4,16,True,results_final4/plots_annotated/q0108_reasoning.png
109,base,10,-4096,1,3,False,results_final4/plots_annotated/q0109_base.png
109,reasoning,10,4,4,3,False,results_final4/plots_annotated/q0109_reasoning.png
110,base,10,3,5,5,False,results_final4/plots_annotated/q0110_base.png
110,reasoning,10,0,5,5,False,results_final4/plots_annotated/q0110_reasoning.png
111,base,10,0,3,4,False,results_final4/plots_annotated/q0111_base.png
111,reasoning,10,4,5,4,True,results_final4/plots_annotated/q0111_reasoning.png
112,base,10,10,2,6,False,results_final4/plots_annotated/q0112_base.png
112,reasoning,10,6,5,6,True,results_final4/plots_annotated/q0112_reasoning.png
113,base,10,6,2,7,False,results_final4/plots_annotated/q0113_base.png
113,reasoning,10,5,8,7,False,results_final4/plots_annotated/q0113_reasoning.png
114,base,10,4096,2,5,False,results_final4/plots_annotated/q0114_base.png
114,reasoning,10,5,9,5,True,results_final4/plots_annotated/q0114_reasoning.png
115,base,10,2,4,7,False,results_final4/plots_annotated/q0115_base.png
115,reasoning,10,6,6,7,False,results_final4/plots_annotated/q0115_reasoning.png
116,base,10,-16,1,-5,False,results_final4/plots_annotated/q0116_base.png
116,reasoning,10,-5,8,-5,True,results_final4/plots_annotated/q0116_reasoning.png
117,base,10,0,3,2,False,results_final4/plots_annotated/q0117_base.png
117,reasoning,10,2,8,2,True,results_final4/plots_annotated/q0117_reasoning.png
118,base,10,0,4,3,False,results_final4/plots_annotated/q0118_base.png
118,reasoning,10,1,5,3,False,results_final4/plots_annotated/q0118_reasoning.png
119,base,10,7,3,7,True,results_final4/plots_annotated/q0119_base.png
119,reasoning,10,6,6,7,False,results_final4/plots_annotated/q0119_reasoning.png
120,base,10,12,3,18,False,results_final4/plots_annotated/q0120_base.png
120,reasoning,10,18,8,18,True,results_final4/plots_annotated/q0120_reasoning.png
121,base,10,0,2,-3,False,results_final4/plots_annotated/q0121_base.png
121,reasoning,10,-3,7,-3,True,results_final4/plots_annotated/q0121_reasoning.png
122,base,10,10,2,12,False,results_final4/plots_annotated/q0122_base.png
122,reasoning,10,9,3,12,False,results_final4/plots_annotated/q0122_reasoning.png
123,base,10,6,2,9,False,results_final4/plots_annotated/q0123_base.png
123,reasoning,10,10,4,9,False,results_final4/plots_annotated/q0123_reasoning.png
124,base,10,9,7,10,False,results_final4/plots_annotated/q0124_base.png
124,reasoning,10,9,8,10,False,results_final4/plots_annotated/q0124_reasoning.png
125,base,10,-3,2,-5,False,results_final4/plots_annotated/q0125_base.png
125,reasoning,10,-4,5,-5,False,results_final4/plots_annotated/q0125_reasoning.png
126,base,10,9,4,9,True,results_final4/plots_annotated/q0126_base.png
126,reasoning,10,9,10,9,True,results_final4/plots_annotated/q0126_reasoning.png
127,base,10,1,3,8,False,results_final4/plots_annotated/q0127_base.png
127,reasoning,10,-1,2,8,False,results_final4/plots_annotated/q0127_reasoning.png
128,base,10,10,2,15,False,results_final4/plots_annotated/q0128_base.png
128,reasoning,10,17,4,15,False,results_final4/plots_annotated/q0128_reasoning.png
129,base,10,4,8,5,False,results_final4/plots_annotated/q0129_base.png
129,reasoning,10,5,5,5,True,results_final4/plots_annotated/q0129_reasoning.png
130,base,10,4,4,5,False,results_final4/plots_annotated/q0130_base.png
130,reasoning,10,5,3,5,True,results_final4/plots_annotated/q0130_reasoning.png
131,base,10,4,3,5,False,results_final4/plots_annotated/q0131_base.png
131,reasoning,10,4,5,5,False,results_final4/plots_annotated/q0131_reasoning.png
132,base,10,4,3,6,False,results_final4/plots_annotated/q0132_base.png
132,reasoning,10,4,3,6,False,results_final4/plots_annotated/q0132_reasoning.png
133,base,10,0,3,-11,False,results_final4/plots_annotated/q0133_base.png
133,reasoning,10,0,2,-11,False,results_final4/plots_annotated/q0133_reasoning.png
134,base,10,10,3,10,True,results_final4/plots_annotated/q0134_base.png
134,reasoning,10,10,4,10,True,results_final4/plots_annotated/q0134_reasoning.png
135,base,10,8,3,7,False,results_final4/plots_annotated/q0135_base.png
135,reasoning,10,3,3,7,False,results_final4/plots_annotated/q0135_reasoning.png
136,base,10,0,3,4,False,results_final4/plots_annotated/q0136_base.png
136,reasoning,10,5,5,4,False,results_final4/plots_annotated/q0136_reasoning.png
137,base,10,6,6,7,False,results_final4/plots_annotated/q0137_base.png
137,reasoning,10,6,6,7,False,results_final4/plots_annotated/q0137_reasoning.png
138,base,10,19,3,34,False,results_final4/plots_annotated/q0138_base.png
138,reasoning,10,28,2,34,False,results_final4/plots_annotated/q0138_reasoning.png
139,base,10,0,4,0,True,results_final4/plots_annotated/q0139_base.png
139,reasoning,10,0,3,0,True,results_final4/plots_annotated/q0139_reasoning.png
140,base,10,0,2,13,False,results_final4/plots_annotated/q0140_base.png
140,reasoning,10,18,2,13,False,results_final4/plots_annotated/q0140_reasoning.png
141,base,10,9,4,10,False,results_final4/plots_annotated/q0141_base.png
141,reasoning,10,9,3,10,False,results_final4/plots_annotated/q0141_reasoning.png
142,base,10,3,3,8,False,results_final4/plots_annotated/q0142_base.png
142,reasoning,10,3,4,8,False,results_final4/plots_annotated/q0142_reasoning.png
143,base,10,17,2,14,False,results_final4/plots_annotated/q0143_base.png
143,reasoning,10,10,3,14,False,results_final4/plots_annotated/q0143_reasoning.png
144,base,10,-4096,1,22,False,results_final4/plots_annotated/q0144_base.png
144,reasoning,10,22,7,22,True,results_final4/plots_annotated/q0144_reasoning.png
145,base,10,12,8,12,True,results_final4/plots_annotated/q0145_base.png
145,reasoning,10,12,3,12,True,results_final4/plots_annotated/q0145_reasoning.png
146,base,10,13,3,15,False,results_final4/plots_annotated/q0146_base.png
146,reasoning,10,14,5,15,False,results_final4/plots_annotated/q0146_reasoning.png
147,base,10,8,7,9,False,results_final4/plots_annotated/q0147_base.png
147,reasoning,10,9,3,9,True,results_final4/plots_annotated/q0147_reasoning.png
148,base,10,5,3,4,False,results_final4/plots_annotated/q0148_base.png
148,reasoning,10,4,4,4,True,results_final4/plots_annotated/q0148_reasoning.png
149,base,10,0,2,9,False,results_final4/plots_annotated/q0149_base.png
149,reasoning,10,8,3,9,False,results_final4/plots_annotated/q0149_reasoning.png
150,base,10,5,3,5,True,results_final4/plots_annotated/q0150_base.png
150,reasoning,10,5,7,5,True,results_final4/plots_annotated/q0150_reasoning.png
151,base,10,12,4,12,True,results_final4/plots_annotated/q0151_base.png
151,reasoning,10,12,8,12,True,results_final4/plots_annotated/q0151_reasoning.png
152,base,10,4,6,4,True,results_final4/plots_annotated/q0152_base.png
152,reasoning,10,4,8,4,True,results_final4/plots_annotated/q0152_reasoning.png
153,base,10,6,2,6,True,results_final4/plots_annotated/q0153_base.png
153,reasoning,10,6,6,6,True,results_final4/plots_annotated/q0153_reasoning.png
154,base,10,-13,2,16,False,results_final4/plots_annotated/q0154_base.png
154,reasoning,10,15,5,16,False,results_final4/plots_annotated/q0154_reasoning.png
155,base,10,5,2,6,False,results_final4/plots_annotated/q0155_base.png
155,reasoning,10,5,5,6,False,results_final4/plots_annotated/q0155_reasoning.png
156,base,10,0,3,0,True,results_final4/plots_annotated/q0156_base.png
156,reasoning,10,1,5,0,False,results_final4/plots_annotated/q0156_reasoning.png
157,base,10,4,3,5,False,results_final4/plots_annotated/q0157_base.png
157,reasoning,10,3,6,5,False,results_final4/plots_annotated/q0157_reasoning.png
158,base,10,6,3,4,False,results_final4/plots_annotated/q0158_base.png
158,reasoning,10,6,7,4,False,results_final4/plots_annotated/q0158_reasoning.png
159,base,10,3,1,270,False,results_final4/plots_annotated/q0159_base.png
159,reasoning,10,270,6,270,True,results_final4/plots_annotated/q0159_reasoning.png
160,base,10,-2,3,-1,False,results_final4/plots_annotated/q0160_base.png
160,reasoning,10,-1,8,-1,True,results_final4/plots_annotated/q0160_reasoning.png
161,base,10,0,3,26,False,results_final4/plots_annotated/q0161_base.png
161,reasoning,10,26,10,26,True,results_final4/plots_annotated/q0161_reasoning.png
162,base,10,4,5,9,False,results_final4/plots_annotated/q0162_base.png
162,reasoning,10,9,6,9,True,results_final4/plots_annotated/q0162_reasoning.png
163,base,10,0,2,2,False,results_final4/plots_annotated/q0163_base.png
163,reasoning,10,3,2,2,False,results_final4/plots_annotated/q0163_reasoning.png
164,base,10,12,2,13,False,results_final4/plots_annotated/q0164_base.png
164,reasoning,10,6,4,13,False,results_final4/plots_annotated/q0164_reasoning.png
165,base,10,10,4,13,False,results_final4/plots_annotated/q0165_base.png
165,reasoning,10,13,9,13,True,results_final4/plots_annotated/q0165_reasoning.png
166,base,10,5,3,7,False,results_final4/plots_annotated/q0166_base.png
166,reasoning,10,5,5,7,False,results_final4/plots_annotated/q0166_reasoning.png
167,base,10,3,3,4,False,results_final4/plots_annotated/q0167_base.png
167,reasoning,10,4,10,4,True,results_final4/plots_annotated/q0167_reasoning.png
168,base,10,-7,3,-8,False,results_final4/plots_annotated/q0168_base.png
168,reasoning,10,-7,8,-8,False,results_final4/plots_annotated/q0168_reasoning.png
169,base,10,-13,1,-6,False,results_final4/plots_annotated/q0169_base.png
169,reasoning,10,-6,6,-6,True,results_final4/plots_annotated/q0169_reasoning.png
170,base,10,44,2,46,False,results_final4/plots_annotated/q0170_base.png
170,reasoning,10,57,2,46,False,results_final4/plots_annotated/q0170_reasoning.png
171,base,10,38,2,53,False,results_final4/plots_annotated/q0171_base.png
171,reasoning,10,54,8,53,False,results_final4/plots_annotated/q0171_reasoning.png
172,base,10,48,1,87,False,results_final4/plots_annotated/q0172_base.png
172,reasoning,10,118,2,87,False,results_final4/plots_annotated/q0172_reasoning.png
173,base,10,13,3,7,False,results_final4/plots_annotated/q0173_base.png
173,reasoning,10,16,3,7,False,results_final4/plots_annotated/q0173_reasoning.png
174,base,10,17,2,11,False,results_final4/plots_annotated/q0174_base.png
174,reasoning,10,16,4,11,False,results_final4/plots_annotated/q0174_reasoning.png
175,base,10,20,2,48,False,results_final4/plots_annotated/q0175_base.png
175,reasoning,10,48,9,48,True,results_final4/plots_annotated/q0175_reasoning.png
176,base,10,4,2,4,True,results_final4/plots_annotated/q0176_base.png
176,reasoning,10,4,4,4,True,results_final4/plots_annotated/q0176_reasoning.png
177,base,10,0,3,9,False,results_final4/plots_annotated/q0177_base.png
177,reasoning,10,7,6,9,False,results_final4/plots_annotated/q0177_reasoning.png
178,base,10,-6,3,-20,False,results_final4/plots_annotated/q0178_base.png
178,reasoning,10,-17,2,-20,False,results_final4/plots_annotated/q0178_reasoning.png
179,base,10,-5,4,-5,True,results_final4/plots_annotated/q0179_base.png
179,reasoning,10,-2,3,-5,False,results_final4/plots_annotated/q0179_reasoning.png
180,base,10,4096,3,13,False,results_final4/plots_annotated/q0180_base.png
180,reasoning,10,13,7,13,True,results_final4/plots_annotated/q0180_reasoning.png
181,base,10,11,3,13,False,results_final4/plots_annotated/q0181_base.png
181,reasoning,10,12,4,13,False,results_final4/plots_annotated/q0181_reasoning.png
182,base,10,4,3,4,True,results_final4/plots_annotated/q0182_base.png
182,reasoning,10,6,9,4,False,results_final4/plots_annotated/q0182_reasoning.png
183,base,10,10,9,10,True,results_final4/plots_annotated/q0183_base.png
183,reasoning,10,10,10,10,True,results_final4/plots_annotated/q0183_reasoning.png
184,base,10,10,2,22,False,results_final4/plots_annotated/q0184_base.png
184,reasoning,10,23,3,22,False,results_final4/plots_annotated/q0184_reasoning.png
185,base,10,2,3,3,False,results_final4/plots_annotated/q0185_base.png
185,reasoning,10,3,10,3,True,results_final4/plots_annotated/q0185_reasoning.png
186,base,10,2,3,3,False,results_final4/plots_annotated/q0186_base.png
186,reasoning,10,3,9,3,True,results_final4/plots_annotated/q0186_reasoning.png
187,base,10,2,4,2,True,results_final4/plots_annotated/q0187_base.png
187,reasoning,10,1,5,2,False,results_final4/plots_annotated/q0187_reasoning.png
188,base,10,10,5,9,False,results_final4/plots_annotated/q0188_base.png
188,reasoning,10,9,9,9,True,results_final4/plots_annotated/q0188_reasoning.png
189,base,10,9,4,8,False,results_final4/plots_annotated/q0189_base.png
189,reasoning,10,9,4,8,False,results_final4/plots_annotated/q0189_reasoning.png
190,base,10,4,2,6,False,results_final4/plots_annotated/q0190_base.png
190,reasoning,10,5,8,6,False,results_final4/plots_annotated/q0190_reasoning.png
191,base,10,1,4,2,False,results_final4/plots_annotated/q0191_base.png
191,reasoning,10,1,10,2,False,results_final4/plots_annotated/q0191_reasoning.png
192,base,10,9,3,11,False,results_final4/plots_annotated/q0192_base.png
192,reasoning,10,10,5,11,False,results_final4/plots_annotated/q0192_reasoning.png
193,base,10,26,4,26,True,results_final4/plots_annotated/q0193_base.png
193,reasoning,10,26,7,26,True,results_final4/plots_annotated/q0193_reasoning.png
194,base,10,3,3,7,False,results_final4/plots_annotated/q0194_base.png
194,reasoning,10,13,4,7,False,results_final4/plots_annotated/q0194_reasoning.png
195,base,10,2,4,2,True,results_final4/plots_annotated/q0195_base.png
195,reasoning,10,2,7,2,True,results_final4/plots_annotated/q0195_reasoning.png
196,base,10,4,2,2,False,results_final4/plots_annotated/q0196_base.png
196,reasoning,10,1,5,2,False,results_final4/plots_annotated/q0196_reasoning.png
197,base,10,9,2,7,False,results_final4/plots_annotated/q0197_base.png
197,reasoning,10,8,8,7,False,results_final4/plots_annotated/q0197_reasoning.png
198,base,10,24,8,25,False,results_final4/plots_annotated/q0198_base.png
198,reasoning,10,25,7,25,True,results_final4/plots_annotated/q0198_reasoning.png
199,base,10,6,2,8,False,results_final4/plots_annotated/q0199_base.png
199,reasoning,10,7,5,8,False,results_final4/plots_annotated/q0199_reasoning.png
200,base,10,-3,2,-25,False,results_final4/plots_annotated/q0200_base.png
200,reasoning,10,-10,2,-25,False,results_final4/plots_annotated/q0200_reasoning.png
201,base,10,0,2,5,False,results_final4/plots_annotated/q0201_base.png
201,reasoning,10,2,5,5,False,results_final4/plots_annotated/q0201_reasoning.png
202,base,10,-20,5,-20,True,results_final4/plots_annotated/q0202_base.png
202,reasoning,10,-20,5,-20,True,results_final4/plots_annotated/q0202_reasoning.png
203,base,10,23,4,23,True,results_final4/plots_annotated/q0203_base.png
203,reasoning,10,23,8,23,True,results_final4/plots_annotated/q0203_reasoning.png
204,base,10,28,3,28,True,results_final4/plots_annotated/q0204_base.png
204,reasoning,10,27,3,28,False,results_final4/plots_annotated/q0204_reasoning.png
205,base,10,56,3,57,False,results_final4/plots_annotated/q0205_base.png
205,reasoning,10,57,7,57,True,results_final4/plots_annotated/q0205_reasoning.png
206,base,10,32,5,32,True,results_final4/plots_annotated/q0206_base.png
206,reasoning,10,32,9,32,True,results_final4/plots_annotated/q0206_reasoning.png
207,base,10,5,8,5,True,results_final4/plots_annotated/q0207_base.png
207,reasoning,10,5,10,5,True,results_final4/plots_annotated/q0207_reasoning.png
208,base,10,-2,8,-2,True,results_final4/plots_annotated/q0208_base.png
208,reasoning,10,-2,10,-2,True,results_final4/plots_annotated/q0208_reasoning.png
209,base,10,10,2,10,True,results_final4/plots_annotated/q0209_base.png
209,reasoning,10,10,5,10,True,results_final4/plots_annotated/q0209_reasoning.png
210,base,10,5,9,5,True,results_final4/plots_annotated/q0210_base.png
210,reasoning,10,5,5,5,True,results_final4/plots_annotated/q0210_reasoning.png
211,base,10,7,6,7,True,results_final4/plots_annotated/q0211_base.png
211,reasoning,10,6,4,7,False,results_final4/plots_annotated/q0211_reasoning.png
212,base,10,9,9,9,True,results_final4/plots_annotated/q0212_base.png
212,reasoning,10,9,9,9,True,results_final4/plots_annotated/q0212_reasoning.png
213,base,10,2,4,4,False,results_final4/plots_annotated/q0213_base.png
213,reasoning,10,2,5,4,False,results_final4/plots_annotated/q0213_reasoning.png
214,base,10,13,2,7,False,results_final4/plots_annotated/q0214_base.png
214,reasoning,10,7,6,7,True,results_final4/plots_annotated/q0214_reasoning.png
215,base,10,5,2,5,True,results_final4/plots_annotated/q0215_base.png
215,reasoning,10,3,4,5,False,results_final4/plots_annotated/q0215_reasoning.png
216,base,10,5,2,12,False,results_final4/plots_annotated/q0216_base.png
216,reasoning,10,10,4,12,False,results_final4/plots_annotated/q0216_reasoning.png
217,base,10,3,2,17,False,results_final4/plots_annotated/q0217_base.png
217,reasoning,10,8,3,17,False,results_final4/plots_annotated/q0217_reasoning.png
218,base,10,12,2,14,False,results_final4/plots_annotated/q0218_base.png
218,reasoning,10,14,5,14,True,results_final4/plots_annotated/q0218_reasoning.png
219,base,10,-6,4,2,False,results_final4/plots_annotated/q0219_base.png
219,reasoning,10,-6,4,2,False,results_final4/plots_annotated/q0219_reasoning.png
220,base,10,3,3,25,False,results_final4/plots_annotated/q0220_base.png
220,reasoning,10,24,6,25,False,results_final4/plots_annotated/q0220_reasoning.png
221,base,10,6,3,11,False,results_final4/plots_annotated/q0221_base.png
221,reasoning,10,9,4,11,False,results_final4/plots_annotated/q0221_reasoning.png
222,base,10,4096,4,-5,False,results_final4/plots_annotated/q0222_base.png
222,reasoning,10,1,9,-5,False,results_final4/plots_annotated/q0222_reasoning.png
223,base,10,-5,3,-5,True,results_final4/plots_annotated/q0223_base.png
223,reasoning,10,-4,5,-5,False,results_final4/plots_annotated/q0223_reasoning.png
224,base,10,1,6,3,False,results_final4/plots_annotated/q0224_base.png
224,reasoning,10,2,5,3,False,results_final4/plots_annotated/q0224_reasoning.png
225,base,10,10,4,10,True,results_final4/plots_annotated/q0225_base.png
225,reasoning,10,9,3,10,False,results_final4/plots_annotated/q0225_reasoning.png
226,base,10,3,3,23,False,results_final4/plots_annotated/q0226_base.png
226,reasoning,10,4,5,23,False,results_final4/plots_annotated/q0226_reasoning.png
227,base,10,2,2,1,False,results_final4/plots_annotated/q0227_base.png
227,reasoning,10,1,3,1,True,results_final4/plots_annotated/q0227_reasoning.png
228,base,10,4096,4,4,False,results_final4/plots_annotated/q0228_base.png
228,reasoning,10,8,4,4,False,results_final4/plots_annotated/q0228_reasoning.png
229,base,10,4096,3,7,False,results_final4/plots_annotated/q0229_base.png
229,reasoning,10,6,4,7,False,results_final4/plots_annotated/q0229_reasoning.png
230,base,10,4096,2,6,False,results_final4/plots_annotated/q0230_base.png
230,reasoning,10,5,2,6,False,results_final4/plots_annotated/q0230_reasoning.png
231,base,10,8,5,9,False,results_final4/plots_annotated/q0231_base.png
231,reasoning,10,9,4,9,True,results_final4/plots_annotated/q0231_reasoning.png
232,base,10,3,5,1,False,results_final4/plots_annotated/q0232_base.png
232,reasoning,10,2,3,1,False,results_final4/plots_annotated/q0232_reasoning.png
233,base,10,1,4,10,False,results_final4/plots_annotated/q0233_base.png
233,reasoning,10,10,7,10,True,results_final4/plots_annotated/q0233_reasoning.png
234,base,10,100,6,100,True,results_final4/plots_annotated/q0234_base.png
234,reasoning,10,100,4,100,True,results_final4/plots_annotated/q0234_reasoning.png
235,base,10,1,5,1,True,results_final4/plots_annotated/q0235_base.png
235,reasoning,10,1,7,1,True,results_final4/plots_annotated/q0235_reasoning.png
236,base,10,3,6,3,True,results_final4/plots_annotated/q0236_base.png
236,reasoning,10,4,5,3,False,results_final4/plots_annotated/q0236_reasoning.png
237,base,10,2,3,2,True,results_final4/plots_annotated/q0237_base.png
237,reasoning,10,2,5,2,True,results_final4/plots_annotated/q0237_reasoning.png
238,base,10,3,8,3,True,results_final4/plots_annotated/q0238_base.png
238,reasoning,10,3,10,3,True,results_final4/plots_annotated/q0238_reasoning.png
239,base,10,13,2,5,False,results_final4/plots_annotated/q0239_base.png
239,reasoning,10,4,9,5,False,results_final4/plots_annotated/q0239_reasoning.png
240,base,10,0,4,0,True,results_final4/plots_annotated/q0240_base.png
240,reasoning,10,1,4,0,False,results_final4/plots_annotated/q0240_reasoning.png
241,base,10,11,4,11,True,results_final4/plots_annotated/q0241_base.png
241,reasoning,10,11,4,11,True,results_final4/plots_annotated/q0241_reasoning.png
242,base,10,3,2,2,False,results_final4/plots_annotated/q0242_base.png
242,reasoning,10,3,4,2,False,results_final4/plots_annotated/q0242_reasoning.png
243,base,10,4,3,2,False,results_final4/plots_annotated/q0243_base.png
243,reasoning,10,3,4,2,False,results_final4/plots_annotated/q0243_reasoning.png
244,base,10,9,9,10,False,results_final4/plots_annotated/q0244_base.png
244,reasoning,10,9,7,10,False,results_final4/plots_annotated/q0244_reasoning.png
245,base,10,6,4,7,False,results_final4/plots_annotated/q0245_base.png
245,reasoning,10,7,6,7,True,results_final4/plots_annotated/q0245_reasoning.png
246,base,10,1,7,2,False,results_final4/plots_annotated/q0246_base.png
246,reasoning,10,1,8,2,False,results_final4/plots_annotated/q0246_reasoning.png
247,base,10,4,10,4,True,results_final4/plots_annotated/q0247_base.png
247,reasoning,10,4,9,4,True,results_final4/plots_annotated/q0247_reasoning.png
248,base,10,12,2,17,False,results_final4/plots_annotated/q0248_base.png
248,reasoning,10,15,5,17,False,results_final4/plots_annotated/q0248_reasoning.png
249,base,10,5,3,4,False,results_final4/plots_annotated/q0249_base.png
249,reasoning,10,4,5,4,True,results_final4/plots_annotated/q0249_reasoning.png
250,base,10,0,3,1,False,results_final4/plots_annotated/q0250_base.png
250,reasoning,10,2,4,1,False,results_final4/plots_annotated/q0250_reasoning.png
251,base,10,-4096,2,7,False,results_final4/plots_annotated/q0251_base.png
251,reasoning,10,10,6,7,False,results_final4/plots_annotated/q0251_reasoning.png
252,base,10,4,2,6,False,results_final4/plots_annotated/q0252_base.png
252,reasoning,10,3,6,6,False,results_final4/plots_annotated/q0252_reasoning.png
253,base,10,4096,3,26,False,results_final4/plots_annotated/q0253_base.png
253,reasoning,10,25,2,26,False,results_final4/plots_annotated/q0253_reasoning.png
254,base,10,4096,3,10,False,results_final4/plots_annotated/q0254_base.png
254,reasoning,10,11,4,10,False,results_final4/plots_annotated/q0254_reasoning.png
255,base,10,2,3,9,False,results_final4/plots_annotated/q0255_base.png
255,reasoning,10,14,3,9,False,results_final4/plots_annotated/q0255_reasoning.png
256,base,10,4096,3,3,False,results_final4/plots_annotated/q0256_base.png
256,reasoning,10,2,5,3,False,results_final4/plots_annotated/q0256_reasoning.png
257,base,10,2,4,6,False,results_final4/plots_annotated/q0257_base.png
257,reasoning,10,5,4,6,False,results_final4/plots_annotated/q0257_reasoning.png
258,base,10,10,4,10,True,results_final4/plots_annotated/q0258_base.png
258,reasoning,10,10,6,10,True,results_final4/plots_annotated/q0258_reasoning.png
259,base,10,2,5,4,False,results_final4/plots_annotated/q0259_base.png
259,reasoning,10,1,7,4,False,results_final4/plots_annotated/q0259_reasoning.png
260,base,10,23,2,39,False,results_final4/plots_annotated/q0260_base.png
260,reasoning,10,38,5,39,False,results_final4/plots_annotated/q0260_reasoning.png
261,base,10,2,7,2,True,results_final4/plots_annotated/q0261_base.png
261,reasoning,10,2,9,2,True,results_final4/plots_annotated/q0261_reasoning.png
262,base,10,14,3,25,False,results_final4/plots_annotated/q0262_base.png
262,reasoning,10,24,4,25,False,results_final4/plots_annotated/q0262_reasoning.png
263,base,10,4,3,0,False,results_final4/plots_annotated/q0263_base.png
263,reasoning,10,1,3,0,False,results_final4/plots_annotated/q0263_reasoning.png
264,base,10,8,5,8,True,results_final4/plots_annotated/q0264_base.png
264,reasoning,10,9,8,8,False,results_final4/plots_annotated/q0264_reasoning.png
265,base,10,-1,2,1,False,results_final4/plots_annotated/q0265_base.png
265,reasoning,10,-3,2,1,False,results_final4/plots_annotated/q0265_reasoning.png
266,base,10,5,3,4,False,results_final4/plots_annotated/q0266_base.png
266,reasoning,10,8,5,4,False,results_final4/plots_annotated/q0266_reasoning.png
267,base,10,10,6,10,True,results_final4/plots_annotated/q0267_base.png
267,reasoning,10,10,10,10,True,results_final4/plots_annotated/q0267_reasoning.png
268,base,10,14,5,13,False,results_final4/plots_annotated/q0268_base.png
268,reasoning,10,14,4,13,False,results_final4/plots_annotated/q0268_reasoning.png
269,base,10,2,3,2,True,results_final4/plots_annotated/q0269_base.png
269,reasoning,10,3,8,2,False,results_final4/plots_annotated/q0269_reasoning.png
270,base,10,3,2,5,False,results_final4/plots_annotated/q0270_base.png
270,reasoning,10,5,6,5,True,results_final4/plots_annotated/q0270_reasoning.png
271,base,10,7,5,7,True,results_final4/plots_annotated/q0271_base.png
271,reasoning,10,7,6,7,True,results_final4/plots_annotated/q0271_reasoning.png
272,base,10,12,4,12,True,results_final4/plots_annotated/q0272_base.png
272,reasoning,10,6,4,12,False,results_final4/plots_annotated/q0272_reasoning.png
273,base,10,6,1,14,False,results_final4/plots_annotated/q0273_base.png
273,reasoning,10,12,3,14,False,results_final4/plots_annotated/q0273_reasoning.png
274,base,10,4096,3,1,False,results_final4/plots_annotated/q0274_base.png
274,reasoning,10,1,4,1,True,results_final4/plots_annotated/q0274_reasoning.png
275,base,10,4,3,6,False,results_final4/plots_annotated/q0275_base.png
275,reasoning,10,5,3,6,False,results_final4/plots_annotated/q0275_reasoning.png
276,base,10,-15,3,1,False,results_final4/plots_annotated/q0276_base.png
276,reasoning,10,1,8,1,True,results_final4/plots_annotated/q0276_reasoning.png
277,base,10,6,10,7,False,results_final4/plots_annotated/q0277_base.png
277,reasoning,10,7,9,7,True,results_final4/plots_annotated/q0277_reasoning.png
278,base,10,1,4,-6,False,results_final4/plots_annotated/q0278_base.png
278,reasoning,10,-5,2,-6,False,results_final4/plots_annotated/q0278_reasoning.png
279,base,10,10,3,10,True,results_final4/plots_annotated/q0279_base.png
279,reasoning,10,9,5,10,False,results_final4/plots_annotated/q0279_reasoning.png
280,base,10,2,4,4,False,results_final4/plots_annotated/q0280_base.png
280,reasoning,10,13,3,4,False,results_final4/plots_annotated/q0280_reasoning.png
281,base,10,-61,7,-61,True,results_final4/plots_annotated/q0281_base.png
281,reasoning,10,25,5,-61,False,results_final4/plots_annotated/q0281_reasoning.png
282,base,10,22,3,22,True,results_final4/plots_annotated/q0282_base.png
282,reasoning,10,22,8,22,True,results_final4/plots_annotated/q0282_reasoning.png
283,base,10,-34,4,-34,True,results_final4/plots_annotated/q0283_base.png
283,reasoning,10,-34,5,-34,True,results_final4/plots_annotated/q0283_reasoning.png
284,base,10,4096,2,2,False,results_final4/plots_annotated/q0284_base.png
284,reasoning,10,0,3,2,False,results_final4/plots_annotated/q0284_reasoning.png
285,base,10,19728,6,19728,True,results_final4/plots_annotated/q0285_base.png
285,reasoning,10,19728,7,19728,True,results_final4/plots_annotated/q0285_reasoning.png
286,base,10,5,3,-22,False,results_final4/plots_annotated/q0286_base.png
286,reasoning,10,2,2,-22,False,results_final4/plots_annotated/q0286_reasoning.png
287,base,10,0,6,0,True,results_final4/plots_annotated/q0287_base.png
287,reasoning,10,0,8,0,True,results_final4/plots_annotated/q0287_reasoning.png
288,base,10,10,2,13,False,results_final4/plots_annotated/q0288_base.png
288,reasoning,10,12,2,13,False,results_final4/plots_annotated/q0288_reasoning.png
289,base,10,10,2,15,False,results_final4/plots_annotated/q0289_base.png
289,reasoning,10,20,2,15,False,results_final4/plots_annotated/q0289_reasoning.png
290,base,10,12,1,46,False,results_final4/plots_annotated/q0290_base.png
290,reasoning,10,37,3,46,False,results_final4/plots_annotated/q0290_reasoning.png
291,base,10,4096,4,-5,False,results_final4/plots_annotated/q0291_base.png
291,reasoning,10,0,3,-5,False,results_final4/plots_annotated/q0291_reasoning.png
292,base,10,-6,2,21,False,results_final4/plots_annotated/q0292_base.png
292,reasoning,10,26,2,21,False,results_final4/plots_annotated/q0292_reasoning.png
293,base,10,-37,3,-37,True,results_final4/plots_annotated/q0293_base.png
293,reasoning,10,186,5,-37,False,results_final4/plots_annotated/q0293_reasoning.png
294,base,10,6,1,91,False,results_final4/plots_annotated/q0294_base.png
294,reasoning,10,92,2,91,False,results_final4/plots_annotated/q0294_reasoning.png
295,base,10,9,2,13,False,results_final4/plots_annotated/q0295_base.png
295,reasoning,10,14,6,13,False,results_final4/plots_annotated/q0295_reasoning.png
296,base,10,2,3,2,True,results_final4/plots_annotated/q0296_base.png
296,reasoning,10,2,6,2,True,results_final4/plots_annotated/q0296_reasoning.png
297,base,10,1,8,1,True,results_final4/plots_annotated/q0297_base.png
297,reasoning,10,1,7,1,True,results_final4/plots_annotated/q0297_reasoning.png
298,base,10,2,8,2,True,results_final4/plots_annotated/q0298_base.png
298,reasoning,10,2,9,2,True,results_final4/plots_annotated/q0298_reasoning.png
299,base,10,1,5,8,False,results_final4/plots_annotated/q0299_base.png
299,reasoning,10,1,7,8,False,results_final4/plots_annotated/q0299_reasoning.png
300,base,10,23,5,28,False,results_final4/plots_annotated/q0300_base.png
300,reasoning,10,28,5,28,True,results_final4/plots_annotated/q0300_reasoning.png
301,base,10,12,4,12,True,results_final4/plots_annotated/q0301_base.png
301,reasoning,10,12,9,12,True,results_final4/plots_annotated/q0301_reasoning.png
302,base,10,22,9,20,False,results_final4/plots_annotated/q0302_base.png
302,reasoning,10,20,9,20,True,results_final4/plots_annotated/q0302_reasoning.png
303,base,10,9,4,9,True,results_final4/plots_annotated/q0303_base.png
303,reasoning,10,8,5,9,False,results_final4/plots_annotated/q0303_reasoning.png
304,base,10,2,4,4,False,results_final4/plots_annotated/q0304_base.png
304,reasoning,10,4,6,4,True,results_final4/plots_annotated/q0304_reasoning.png
305,base,10,-2,2,6,False,results_final4/plots_annotated/q0305_base.png
305,reasoning,10,4,3,6,False,results_final4/plots_annotated/q0305_reasoning.png
306,base,10,14,4,15,False,results_final4/plots_annotated/q0306_base.png
306,reasoning,10,13,3,15,False,results_final4/plots_annotated/q0306_reasoning.png
307,base,10,1,3,1,True,results_final4/plots_annotated/q0307_base.png
307,reasoning,10,2,5,1,False,results_final4/plots_annotated/q0307_reasoning.png
308,base,10,4096,3,0,False,results_final4/plots_annotated/q0308_base.png
308,reasoning,10,-1,3,0,False,results_final4/plots_annotated/q0308_reasoning.png
309,base,10,6,2,3,False,results_final4/plots_annotated/q0309_base.png
309,reasoning,10,3,5,3,True,results_final4/plots_annotated/q0309_reasoning.png
310,base,10,2,3,11,False,results_final4/plots_annotated/q0310_base.png
310,reasoning,10,11,3,11,True,results_final4/plots_annotated/q0310_reasoning.png
311,base,10,4,2,2,False,results_final4/plots_annotated/q0311_base.png
311,reasoning,10,3,4,2,False,results_final4/plots_annotated/q0311_reasoning.png
312,base,10,-12,4,-12,True,results_final4/plots_annotated/q0312_base.png
312,reasoning,10,-13,5,-12,False,results_final4/plots_annotated/q0312_reasoning.png
313,base,10,1,3,5,False,results_final4/plots_annotated/q0313_base.png
313,reasoning,10,3,3,5,False,results_final4/plots_annotated/q0313_reasoning.png
314,base,10,4,2,6,False,results_final4/plots_annotated/q0314_base.png
314,reasoning,10,4,5,6,False,results_final4/plots_annotated/q0314_reasoning.png
315,base,10,4096,2,-2,False,results_final4/plots_annotated/q0315_base.png
315,reasoning,10,-2,5,-2,True,results_final4/plots_annotated/q0315_reasoning.png
316,base,10,10,2,10,True,results_final4/plots_annotated/q0316_base.png
316,reasoning,10,10,5,10,True,results_final4/plots_annotated/q0316_reasoning.png
317,base,10,4096,2,10,False,results_final4/plots_annotated/q0317_base.png
317,reasoning,10,10,8,10,True,results_final4/plots_annotated/q0317_reasoning.png
318,base,10,12,2,14,False,results_final4/plots_annotated/q0318_base.png
318,reasoning,10,12,4,14,False,results_final4/plots_annotated/q0318_reasoning.png
319,base,10,1,7,0,False,results_final4/plots_annotated/q0319_base.png
319,reasoning,10,-2,3,0,False,results_final4/plots_annotated/q0319_reasoning.png
320,base,10,25,1,-25,False,results_final4/plots_annotated/q0320_base.png
320,reasoning,10,0,3,-25,False,results_final4/plots_annotated/q0320_reasoning.png
321,base,10,6,6,5,False,results_final4/plots_annotated/q0321_base.png
321,reasoning,10,6,5,5,False,results_final4/plots_annotated/q0321_reasoning.png
322,base,10,14,3,14,True,results_final4/plots_annotated/q0322_base.png
322,reasoning,10,13,4,14,False,results_final4/plots_annotated/q0322_reasoning.png
323,base,10,7,2,9,False,results_final4/plots_annotated/q0323_base.png
323,reasoning,10,9,9,9,True,results_final4/plots_annotated/q0323_reasoning.png
324,base,10,10,9,10,True,results_final4/plots_annotated/q0324_base.png
324,reasoning,10,10,10,10,True,results_final4/plots_annotated/q0324_reasoning.png
325,base,10,-16,2,-3,False,results_final4/plots_annotated/q0325_base.png
325,reasoning,10,-3,3,-3,True,results_final4/plots_annotated/q0325_reasoning.png
326,base,10,13,2,22,False,results_final4/plots_annotated/q0326_base.png
326,reasoning,10,22,6,22,True,results_final4/plots_annotated/q0326_reasoning.png
327,base,10,0,3,3,False,results_final4/plots_annotated/q0327_base.png
327,reasoning,10,3,6,3,True,results_final4/plots_annotated/q0327_reasoning.png
328,base,10,18,5,18,True,results_final4/plots_annotated/q0328_base.png
328,reasoning,10,0,6,18,False,results_final4/plots_annotated/q0328_reasoning.png
329,base,10,10,3,9,False,results_final4/plots_annotated/q0329_base.png
329,reasoning,10,11,8,9,False,results_final4/plots_annotated/q0329_reasoning.png
330,base,10,12,2,23,False,results_final4/plots_annotated/q0330_base.png
330,reasoning,10,11,4,23,False,results_final4/plots_annotated/q0330_reasoning.png
331,base,10,0,4,0,True,results_final4/plots_annotated/q0331_base.png
331,reasoning,10,0,5,0,True,results_final4/plots_annotated/q0331_reasoning.png
332,base,10,-2,2,-15,False,results_final4/plots_annotated/q0332_base.png
332,reasoning,10,-14,6,-15,False,results_final4/plots_annotated/q0332_reasoning.png
333,base,10,1,2,3,False,results_final4/plots_annotated/q0333_base.png
333,reasoning,10,3,4,3,True,results_final4/plots_annotated/q0333_reasoning.png
334,base,10,-3,2,3,False,results_final4/plots_annotated/q0334_base.png
334,reasoning,10,-5,3,3,False,results_final4/plots_annotated/q0334_reasoning.png
335,base,10,3,2,8,False,results_final4/plots_annotated/q0335_base.png
335,reasoning,10,4,2,8,False,results_final4/plots_annotated/q0335_reasoning.png
336,base,10,-5,2,-17,False,results_final4/plots_annotated/q0336_base.png
336,reasoning,10,-4096,4,-17,False,results_final4/plots_annotated/q0336_reasoning.png
337,base,10,5,2,10,False,results_final4/plots_annotated/q0337_base.png
337,reasoning,10,12,6,10,False,results_final4/plots_annotated/q0337_reasoning.png
338,base,10,4096,4,-4,False,results_final4/plots_annotated/q0338_base.png
338,reasoning,10,0,2,-4,False,results_final4/plots_annotated/q0338_reasoning.png
339,base,10,4096,3,248,False,results_final4/plots_annotated/q0339_base.png
339,reasoning,10,248,5,248,True,results_final4/plots_annotated/q0339_reasoning.png
340,base,10,4096,4,2352,False,results_final4/plots_annotated/q0340_base.png
340,reasoning,10,2352,4,2352,True,results_final4/plots_annotated/q0340_reasoning.png
341,base,10,4096,2,29,False,results_final4/plots_annotated/q0341_base.png
341,reasoning,10,21,3,29,False,results_final4/plots_annotated/q0341_reasoning.png
342,base,10,-100,3,-210,False,results_final4/plots_annotated/q0342_base.png
342,reasoning,10,-241,1,-210,False,results_final4/plots_annotated/q0342_reasoning.png
343,base,10,22,1,1,False,results_final4/plots_annotated/q0343_base.png
343,reasoning,10,1,6,1,True,results_final4/plots_annotated/q0343_reasoning.png
344,base,10,26,2,26,True,results_final4/plots_annotated/q0344_base.png
344,reasoning,10,26,3,26,True,results_final4/plots_annotated/q0344_reasoning.png
345,base,10,44,2,-90,False,results_final4/plots_annotated/q0345_base.png
345,reasoning,10,90,5,-90,False,results_final4/plots_annotated/q0345_reasoning.png
346,base,10,6,2,1,False,results_final4/plots_annotated/q0346_base.png
346,reasoning,10,-35,1,1,False,results_final4/plots_annotated/q0346_reasoning.png
347,base,10,19,2,-9,False,results_final4/plots_annotated/q0347_base.png
347,reasoning,10,-9,3,-9,True,results_final4/plots_annotated/q0347_reasoning.png
348,base,10,-10,2,19,False,results_final4/plots_annotated/q0348_base.png
348,reasoning,10,21,7,19,False,results_final4/plots_annotated/q0348_reasoning.png
349,base,10,3,5,1,False,results_final4/plots_annotated/q0349_base.png
349,reasoning,10,4,3,1,False,results_final4/plots_annotated/q0349_reasoning.png
350,base,10,13,1,21,False,results_final4/plots_annotated/q0350_base.png
350,reasoning,10,1,2,21,False,results_final4/plots_annotated/q0350_reasoning.png
351,base,10,-4096,3,5,False,results_final4/plots_annotated/q0351_base.png
351,reasoning,10,4,4,5,False,results_final4/plots_annotated/q0351_reasoning.png
352,base,10,19,1,26,False,results_final4/plots_annotated/q0352_base.png
352,reasoning,10,28,2,26,False,results_final4/plots_annotated/q0352_reasoning.png
